{   
    "LDlist":[
       {
           "RAIDID" :"RAIDStorage0/Volumes" ,
            "configDic": 
            {   
                "CapacityBytes":104857600000 ,  
                "OptimumIOSizeBytes" : 65536,
                "Oem":{  
                    "Huawei": {
                        "CreateCacheCadeFlag" :false,
                        "Drives" : [3,4],
                        "VolumeName": "testVol",
                        "VolumeRaidLevel": "RAID0",
                        "DefaultReadPolicy": "ReadAhead",
                        "DefaultWritePolicy" : "WriteThrough",
                        "DefaultCachePolicy" : "CachedIO",
                        "SpanNumber": 1,
                        "AccessPolicy" : "ReadWrite",
                        "DriveCachePolicy" : "Disabled",
                        "InitializationMode" : "UnInit"
                    }
                }
            }
        },
        {
        }
    ]
}