

{   
    "ldlist":
    [ 
        { 
            "LDID":"RAIDStorage0/Volumes/LogicalDrive0",
            "LDConfig":
            {   
                "Oem": 
                {
                    "Huawei": 
                    {
                    "VolumeName": "testName",
                    "DefaultReadPolicy": "NoReadAhead", 
                    "DefaultWritePolicy": "WriteThrough",
                    "DefaultCachePolicy": "CachedIO", 
                    "BootEnable": true, 
                    "BGIEnable": true, 
                    "AccessPolicy": "ReadWrite", 
                    "SSDCachingEnable": true, 
                    "DriveCachePolicy": "Unchanged" 
                    }
                }
            }
        },
        {
           
            "LDID":"RAIDStorage0/Volumes/LogicalDrive1",
            "LDConfig":
            {
                "Oem":
                {
                    "Huawei":
                    {
                    "VolumeName": "testName",
                    "DefaultReadPolicy": "NoReadAhead",
                    "DefaultWritePolicy": "WriteThrough",
                    "DefaultCachePolicy": "CachedIO",
                    "BootEnable": false,
                    "BGIEnable": true,
                    "AccessPolicy": "ReadWrite",
                    "SSDCachingEnable": true,
                    "DriveCachePolicy": "Unchanged"
                    }
                }
            }
            
        }
    ]   
}
